date,product,price
2026-04-12,大白菜,1.77
2026-04-13,大白菜,2.29
2026-04-14,大白菜,2.34
2026-04-15,大白菜,2.83
2026-04-16,大白菜,2.45
2026-04-17,大白菜,2.73
2026-04-18,大白菜,2.51
2026-04-19,大白菜,2.34
2026-04-20,大白菜,2.67
2026-04-21,大白菜,2.63
2026-04-22,大白菜,2.7
2026-04-23,大白菜,2.34
2026-04-24,大白菜,2.46
2026-04-25,大白菜,2.36
2026-04-26,大白菜,2.46
2026-04-27,大白菜,2.34
2026-04-28,大白菜,2.35
2026-04-29,大白菜,1.76
2026-04-30,大白菜,2.35
2026-05-01,大白菜,1.99
2026-05-02,大白菜,2.16
2026-05-03,大白菜,2.13
2026-05-04,大白菜,2.01
2026-05-05,大白菜,1.84
2026-05-06,大白菜,1.74
2026-05-07,大白菜,2.06
2026-05-08,大白菜,2.02
2026-05-09,大白菜,2.43
2026-05-10,大白菜,2.18
2026-05-11,大白菜,2.08
2026-05-12,大白菜,2.57
2026-05-13,大白菜,2.39
2026-05-14,大白菜,2.2
2026-05-15,大白菜,2.43
2026-05-16,大白菜,2.38
2026-05-17,大白菜,2.97
2026-05-18,大白菜,2.46
2026-05-19,大白菜,2.6
2026-05-20,大白菜,2.66
2026-05-21,大白菜,2.62
2026-05-22,大白菜,2.39
2026-05-23,大白菜,2.48
2026-05-24,大白菜,2.34
2026-05-25,大白菜,2.19
2026-05-26,大白菜,2.41
2026-05-27,大白菜,2.27
2026-05-28,大白菜,1.98
2026-05-29,大白菜,2.27
2026-05-30,大白菜,1.84
2026-05-31,大白菜,2.08
2026-06-01,大白菜,2.05
2026-06-02,大白菜,2.02
2026-06-03,大白菜,1.98
2026-06-04,大白菜,1.75
2026-06-05,大白菜,1.78
2026-06-06,大白菜,2.06
2026-06-07,大白菜,2.16
2026-06-08,大白菜,2.0
2026-06-09,大白菜,1.88
2026-06-10,大白菜,2.13
2026-06-11,大白菜,2.17
2026-06-12,大白菜,2.4
2026-06-13,大白菜,2.32
2026-06-14,大白菜,2.24
2026-06-15,大白菜,2.35
2026-06-16,大白菜,2.21
2026-06-17,大白菜,2.61
2026-06-18,大白菜,2.45
2026-06-19,大白菜,2.44
2026-06-20,大白菜,2.7
2026-06-21,大白菜,2.4
2026-06-22,大白菜,2.3
2026-06-23,大白菜,2.24
2026-06-24,大白菜,2.34
2026-06-25,大白菜,2.26
2026-06-26,大白菜,2.3
2026-06-27,大白菜,2.16
2026-06-28,大白菜,2.11
2026-06-29,大白菜,2.12
2026-06-30,大白菜,1.99
2026-07-01,大白菜,2.15
2026-07-02,大白菜,1.97
2026-07-03,大白菜,2.05
2026-07-04,大白菜,1.83
2026-07-05,大白菜,1.87
2026-07-06,大白菜,2.02
2026-07-07,大白菜,1.86
2026-07-08,大白菜,2.17
2026-07-09,大白菜,2.17
2026-07-10,大白菜,2.26
2026-07-11,大白菜,2.35
2026-04-12,土豆,1.64
2026-04-13,土豆,1.51
2026-04-14,土豆,2.13
2026-04-15,土豆,1.9
2026-04-16,土豆,2.12
2026-04-17,土豆,1.79
2026-04-18,土豆,2.27
2026-04-19,土豆,1.9
2026-04-20,土豆,2.07
2026-04-21,土豆,2.02
2026-04-22,土豆,1.88
2026-04-23,土豆,1.93
2026-04-24,土豆,1.87
2026-04-25,土豆,1.87
2026-04-26,土豆,2.01
2026-04-27,土豆,1.67
2026-04-28,土豆,1.41
2026-04-29,土豆,1.54
2026-04-30,土豆,1.57
2026-05-01,土豆,1.45
2026-05-02,土豆,1.41
2026-05-03,土豆,1.44
2026-05-04,土豆,1.71
2026-05-05,土豆,1.44
2026-05-06,土豆,1.37
2026-05-07,土豆,1.76
2026-05-08,土豆,1.56
2026-05-09,土豆,1.61
2026-05-10,土豆,1.62
2026-05-11,土豆,1.77
2026-05-12,土豆,1.54
2026-05-13,土豆,1.71
2026-05-14,土豆,1.9
2026-05-15,土豆,1.79
2026-05-16,土豆,2.03
2026-05-17,土豆,1.79
2026-05-18,土豆,2.06
2026-05-19,土豆,1.86
2026-05-20,土豆,1.88
2026-05-21,土豆,2.27
2026-05-22,土豆,1.76
2026-05-23,土豆,1.94
2026-05-24,土豆,1.81
2026-05-25,土豆,1.89
2026-05-26,土豆,1.65
2026-05-27,土豆,1.99
2026-05-28,土豆,1.49
2026-05-29,土豆,1.58
2026-05-30,土豆,1.54
2026-05-31,土豆,1.38
2026-06-01,土豆,1.47
2026-06-02,土豆,1.3
2026-06-03,土豆,1.31
2026-06-04,土豆,1.35
2026-06-05,土豆,1.34
2026-06-06,土豆,1.54
2026-06-07,土豆,1.64
2026-06-08,土豆,1.51
2026-06-09,土豆,1.67
2026-06-10,土豆,1.7
2026-06-11,土豆,1.84
2026-06-12,土豆,2.06
2026-06-13,土豆,1.69
2026-06-14,土豆,1.7
2026-06-15,土豆,1.88
2026-06-16,土豆,2.19
2026-06-17,土豆,2.24
2026-06-18,土豆,1.82
2026-06-19,土豆,1.82
2026-06-20,土豆,2.16
2026-06-21,土豆,1.94
2026-06-22,土豆,2.04
2026-06-23,土豆,1.85
2026-06-24,土豆,1.78
2026-06-25,土豆,1.64
2026-06-26,土豆,1.7
2026-06-27,土豆,1.52
2026-06-28,土豆,1.58
2026-06-29,土豆,1.51
2026-06-30,土豆,1.38
2026-07-01,土豆,1.53
2026-07-02,土豆,1.61
2026-07-03,土豆,1.54
2026-07-04,土豆,1.58
2026-07-05,土豆,1.55
2026-07-06,土豆,1.51
2026-07-07,土豆,1.66
2026-07-08,土豆,1.54
2026-07-09,土豆,1.66
2026-07-10,土豆,1.67
2026-07-11,土豆,1.68
2026-04-12,黄瓜,2.92
2026-04-13,黄瓜,3.02
2026-04-14,黄瓜,3.08
2026-04-15,黄瓜,3.31
2026-04-16,黄瓜,3.22
2026-04-17,黄瓜,3.28
2026-04-18,黄瓜,3.34
2026-04-19,黄瓜,3.47
2026-04-20,黄瓜,3.31
2026-04-21,黄瓜,3.11
2026-04-22,黄瓜,3.13
2026-04-23,黄瓜,3.34
2026-04-24,黄瓜,3.08
2026-04-25,黄瓜,3.2
2026-04-26,黄瓜,3.0
2026-04-27,黄瓜,2.88
2026-04-28,黄瓜,2.86
2026-04-29,黄瓜,3.28
2026-04-30,黄瓜,2.82
2026-05-01,黄瓜,2.51
2026-05-02,黄瓜,2.92
2026-05-03,黄瓜,2.68
2026-05-04,黄瓜,2.62
2026-05-05,黄瓜,2.92
2026-05-06,黄瓜,2.66
2026-05-07,黄瓜,2.7
2026-05-08,黄瓜,2.64
2026-05-09,黄瓜,2.87
2026-05-10,黄瓜,3.13
2026-05-11,黄瓜,2.9
2026-05-12,黄瓜,3.08
2026-05-13,黄瓜,3.07
2026-05-14,黄瓜,3.13
2026-05-15,黄瓜,3.08
2026-05-16,黄瓜,2.92
2026-05-17,黄瓜,3.13
2026-05-18,黄瓜,3.31
2026-05-19,黄瓜,3.45
2026-05-20,黄瓜,3.39
2026-05-21,黄瓜,2.96
2026-05-22,黄瓜,3.15
2026-05-23,黄瓜,3.09
2026-05-24,黄瓜,3.1
2026-05-25,黄瓜,3.18
2026-05-26,黄瓜,3.19
2026-05-27,黄瓜,3.11
2026-05-28,黄瓜,2.85
2026-05-29,黄瓜,2.82
2026-05-30,黄瓜,3.12
2026-05-31,黄瓜,2.9
2026-06-01,黄瓜,2.51
2026-06-02,黄瓜,2.82
2026-06-03,黄瓜,2.67
2026-06-04,黄瓜,2.72
2026-06-05,黄瓜,2.59
2026-06-06,黄瓜,2.37
2026-06-07,黄瓜,2.65
2026-06-08,黄瓜,2.72
2026-06-09,黄瓜,2.66
2026-06-10,黄瓜,2.9
2026-06-11,黄瓜,2.75
2026-06-12,黄瓜,3.21
2026-06-13,黄瓜,3.26
2026-06-14,黄瓜,3.11
2026-06-15,黄瓜,3.07
2026-06-16,黄瓜,2.94
2026-06-17,黄瓜,3.25
2026-06-18,黄瓜,3.48
2026-06-19,黄瓜,3.49
2026-06-20,黄瓜,3.0
2026-06-21,黄瓜,3.26
2026-06-22,黄瓜,3.21
2026-06-23,黄瓜,3.02
2026-06-24,黄瓜,2.85
2026-06-25,黄瓜,3.12
2026-06-26,黄瓜,3.12
2026-06-27,黄瓜,3.19
2026-06-28,黄瓜,2.87
2026-06-29,黄瓜,2.76
2026-06-30,黄瓜,2.68
2026-07-01,黄瓜,2.64
2026-07-02,黄瓜,2.57
2026-07-03,黄瓜,2.68
2026-07-04,黄瓜,2.71
2026-07-05,黄瓜,2.56
2026-07-06,黄瓜,2.72
2026-07-07,黄瓜,2.61
2026-07-08,黄瓜,2.59
2026-07-09,黄瓜,3.23
2026-07-10,黄瓜,2.88
2026-07-11,黄瓜,2.91
2026-04-12,西红柿,4.44
2026-04-13,西红柿,4.33
2026-04-14,西红柿,4.15
2026-04-15,西红柿,4.29
2026-04-16,西红柿,4.55
2026-04-17,西红柿,4.61
2026-04-18,西红柿,4.45
2026-04-19,西红柿,4.55
2026-04-20,西红柿,4.51
2026-04-21,西红柿,4.62
2026-04-22,西红柿,4.52
2026-04-23,西红柿,4.21
2026-04-24,西红柿,4.1
2026-04-25,西红柿,4.34
2026-04-26,西红柿,4.12
2026-04-27,西红柿,4.32
2026-04-28,西红柿,3.92
2026-04-29,西红柿,4.32
2026-04-30,西红柿,3.94
2026-05-01,西红柿,3.8
2026-05-02,西红柿,4.03
2026-05-03,西红柿,3.92
2026-05-04,西红柿,3.93
2026-05-05,西红柿,4.26
2026-05-06,西红柿,3.91
2026-05-07,西红柿,4.02
2026-05-08,西红柿,4.04
2026-05-09,西红柿,3.95
2026-05-10,西红柿,3.89
2026-05-11,西红柿,4.03
2026-05-12,西红柿,4.2
2026-05-13,西红柿,4.27
2026-05-14,西红柿,4.39
2026-05-15,西红柿,4.31
2026-05-16,西红柿,4.55
2026-05-17,西红柿,4.56
2026-05-18,西红柿,4.29
2026-05-19,西红柿,4.84
2026-05-20,西红柿,4.47
2026-05-21,西红柿,4.52
2026-05-22,西红柿,4.43
2026-05-23,西红柿,4.43
2026-05-24,西红柿,4.27
2026-05-25,西红柿,4.4
2026-05-26,西红柿,4.29
2026-05-27,西红柿,4.17
2026-05-28,西红柿,4.0
2026-05-29,西红柿,4.25
2026-05-30,西红柿,3.97
2026-05-31,西红柿,3.94
2026-06-01,西红柿,4.0
2026-06-02,西红柿,3.86
2026-06-03,西红柿,4.15
2026-06-04,西红柿,3.53
2026-06-05,西红柿,3.7
2026-06-06,西红柿,3.99
2026-06-07,西红柿,3.89
2026-06-08,西红柿,4.09
2026-06-09,西红柿,4.24
2026-06-10,西红柿,3.84
2026-06-11,西红柿,4.32
2026-06-12,西红柿,4.31
2026-06-13,西红柿,4.48
2026-06-14,西红柿,4.35
2026-06-15,西红柿,4.56
2026-06-16,西红柿,4.46
2026-06-17,西红柿,4.34
2026-06-18,西红柿,4.35
2026-06-19,西红柿,4.4
2026-06-20,西红柿,4.43
2026-06-21,西红柿,4.49
2026-06-22,西红柿,4.67
2026-06-23,西红柿,3.86
2026-06-24,西红柿,4.36
2026-06-25,西红柿,4.32
2026-06-26,西红柿,3.98
2026-06-27,西红柿,4.08
2026-06-28,西红柿,3.93
2026-06-29,西红柿,3.87
2026-06-30,西红柿,3.9
2026-07-01,西红柿,3.8
2026-07-02,西红柿,3.8
2026-07-03,西红柿,3.88
2026-07-04,西红柿,3.94
2026-07-05,西红柿,3.91
2026-07-06,西红柿,3.84
2026-07-07,西红柿,3.88
2026-07-08,西红柿,3.94
2026-07-09,西红柿,4.16
2026-07-10,西红柿,4.12
2026-07-11,西红柿,3.84
2026-04-12,茄子,3.0
2026-04-13,茄子,2.79
2026-04-14,茄子,2.93
2026-04-15,茄子,2.7
2026-04-16,茄子,2.88
2026-04-17,茄子,2.82
2026-04-18,茄子,3.26
2026-04-19,茄子,3.14
2026-04-20,茄子,3.25
2026-04-21,茄子,3.18
2026-04-22,茄子,3.13
2026-04-23,茄子,3.17
2026-04-24,茄子,2.82
2026-04-25,茄子,3.06
2026-04-26,茄子,2.99
2026-04-27,茄子,2.94
2026-04-28,茄子,3.02
2026-04-29,茄子,2.83
2026-04-30,茄子,2.72
2026-05-01,茄子,2.7
2026-05-02,茄子,2.81
2026-05-03,茄子,2.44
2026-05-04,茄子,2.58
2026-05-05,茄子,2.33
2026-05-06,茄子,2.82
2026-05-07,茄子,2.52
2026-05-08,茄子,2.8
2026-05-09,茄子,2.64
2026-05-10,茄子,2.56
2026-05-11,茄子,2.71
2026-05-12,茄子,2.99
2026-05-13,茄子,3.13
2026-05-14,茄子,3.22
2026-05-15,茄子,3.08
2026-05-16,茄子,3.04
2026-05-17,茄子,3.25
2026-05-18,茄子,3.12
2026-05-19,茄子,3.15
2026-05-20,茄子,3.08
2026-05-21,茄子,3.29
2026-05-22,茄子,3.07
2026-05-23,茄子,3.03
2026-05-24,茄子,3.1
2026-05-25,茄子,3.08
2026-05-26,茄子,2.85
2026-05-27,茄子,3.11
2026-05-28,茄子,2.82
2026-05-29,茄子,2.65
2026-05-30,茄子,2.85
2026-05-31,茄子,2.8
2026-06-01,茄子,2.8
2026-06-02,茄子,2.6
2026-06-03,茄子,2.47
2026-06-04,茄子,2.41
2026-06-05,茄子,2.63
2026-06-06,茄子,2.73
2026-06-07,茄子,2.48
2026-06-08,茄子,2.73
2026-06-09,茄子,2.64
2026-06-10,茄子,2.92
2026-06-11,茄子,2.73
2026-06-12,茄子,2.91
2026-06-13,茄子,2.99
2026-06-14,茄子,3.15
2026-06-15,茄子,3.04
2026-06-16,茄子,3.34
2026-06-17,茄子,3.35
2026-06-18,茄子,3.11
2026-06-19,茄子,3.29
2026-06-20,茄子,3.15
2026-06-21,茄子,3.39
2026-06-22,茄子,3.09
2026-06-23,茄子,2.99
2026-06-24,茄子,2.84
2026-06-25,茄子,2.87
2026-06-26,茄子,2.74
2026-06-27,茄子,2.71
2026-06-28,茄子,2.77
2026-06-29,茄子,2.64
2026-06-30,茄子,2.53
2026-07-01,茄子,2.76
2026-07-02,茄子,2.45
2026-07-03,茄子,2.84
2026-07-04,茄子,2.63
2026-07-05,茄子,2.61
2026-07-06,茄子,2.56
2026-07-07,茄子,2.8
2026-07-08,茄子,2.78
2026-07-09,茄子,2.64
2026-07-10,茄子,2.64
2026-07-11,茄子,2.95
2026-04-12,大蒜,1.9
2026-04-13,大蒜,2.17
2026-04-14,大蒜,2.24
2026-04-15,大蒜,2.28
2026-04-16,大蒜,2.3
2026-04-17,大蒜,2.44
2026-04-18,大蒜,2.25
2026-04-19,大蒜,2.13
2026-04-20,大蒜,2.3
2026-04-21,大蒜,2.5
2026-04-22,大蒜,2.27
2026-04-23,大蒜,2.42
2026-04-24,大蒜,2.09
2026-04-25,大蒜,2.18
2026-04-26,大蒜,2.09
2026-04-27,大蒜,2.0
2026-04-28,大蒜,2.17
2026-04-29,大蒜,2.06
2026-04-30,大蒜,2.05
2026-05-01,大蒜,1.8
2026-05-02,大蒜,1.71
2026-05-03,大蒜,2.15
2026-05-04,大蒜,1.74
2026-05-05,大蒜,2.01
2026-05-06,大蒜,1.56
2026-05-07,大蒜,1.63
2026-05-08,大蒜,1.94
2026-05-09,大蒜,2.33
2026-05-10,大蒜,1.84
2026-05-11,大蒜,1.88
2026-05-12,大蒜,2.29
2026-05-13,大蒜,2.06
2026-05-14,大蒜,2.06
2026-05-15,大蒜,2.31
2026-05-16,大蒜,2.41
2026-05-17,大蒜,2.34
2026-05-18,大蒜,2.36
2026-05-19,大蒜,2.41
2026-05-20,大蒜,2.36
2026-05-21,大蒜,2.68
2026-05-22,大蒜,2.74
2026-05-23,大蒜,2.3
2026-05-24,大蒜,2.41
2026-05-25,大蒜,2.4
2026-05-26,大蒜,2.13
2026-05-27,大蒜,1.69
2026-05-28,大蒜,2.23
2026-05-29,大蒜,1.78
2026-05-30,大蒜,1.98
2026-05-31,大蒜,1.9
2026-06-01,大蒜,1.72
2026-06-02,大蒜,1.86
2026-06-03,大蒜,1.98
2026-06-04,大蒜,1.87
2026-06-05,大蒜,2.02
2026-06-06,大蒜,2.18
2026-06-07,大蒜,1.91
2026-06-08,大蒜,1.86
2026-06-09,大蒜,1.76
2026-06-10,大蒜,1.93
2026-06-11,大蒜,2.22
2026-06-12,大蒜,2.3
2026-06-13,大蒜,2.37
2026-06-14,大蒜,2.45
2026-06-15,大蒜,2.26
2026-06-16,大蒜,2.36
2026-06-17,大蒜,2.21
2026-06-18,大蒜,2.19
2026-06-19,大蒜,2.13
2026-06-20,大蒜,2.21
2026-06-21,大蒜,2.69
2026-06-22,大蒜,2.29
2026-06-23,大蒜,2.18
2026-06-24,大蒜,2.28
2026-06-25,大蒜,2.28
2026-06-26,大蒜,2.12
2026-06-27,大蒜,2.12
2026-06-28,大蒜,2.03
2026-06-29,大蒜,1.86
2026-06-30,大蒜,1.98
2026-07-01,大蒜,1.75
2026-07-02,大蒜,1.73
2026-07-03,大蒜,1.93
2026-07-04,大蒜,1.59
2026-07-05,大蒜,2.02
2026-07-06,大蒜,1.91
2026-07-07,大蒜,1.7
2026-07-08,大蒜,2.12
2026-07-09,大蒜,1.77
2026-07-10,大蒜,2.04
2026-07-11,大蒜,1.95
2026-04-12,菠菜,3.47
2026-04-13,菠菜,3.35
2026-04-14,菠菜,3.49
2026-04-15,菠菜,3.9
2026-04-16,菠菜,3.57
2026-04-17,菠菜,3.73
2026-04-18,菠菜,3.58
2026-04-19,菠菜,4.06
2026-04-20,菠菜,3.47
2026-04-21,菠菜,3.8
2026-04-22,菠菜,3.62
2026-04-23,菠菜,3.71
2026-04-24,菠菜,3.89
2026-04-25,菠菜,3.6
2026-04-26,菠菜,3.17
2026-04-27,菠菜,3.27
2026-04-28,菠菜,3.01
2026-04-29,菠菜,3.21
2026-04-30,菠菜,3.33
2026-05-01,菠菜,3.35
2026-05-02,菠菜,2.94
2026-05-03,菠菜,3.13
2026-05-04,菠菜,3.09
2026-05-05,菠菜,3.24
2026-05-06,菠菜,3.26
2026-05-07,菠菜,3.11
2026-05-08,菠菜,3.13
2026-05-09,菠菜,3.43
2026-05-10,菠菜,3.34
2026-05-11,菠菜,3.28
2026-05-12,菠菜,3.21
2026-05-13,菠菜,3.49
2026-05-14,菠菜,3.42
2026-05-15,菠菜,3.77
2026-05-16,菠菜,3.52
2026-05-17,菠菜,3.47
2026-05-18,菠菜,3.62
2026-05-19,菠菜,3.82
2026-05-20,菠菜,3.69
2026-05-21,菠菜,4.0
2026-05-22,菠菜,4.01
2026-05-23,菠菜,3.79
2026-05-24,菠菜,3.61
2026-05-25,菠菜,3.73
2026-05-26,菠菜,3.79
2026-05-27,菠菜,3.34
2026-05-28,菠菜,3.47
2026-05-29,菠菜,3.41
2026-05-30,菠菜,2.91
2026-05-31,菠菜,3.26
2026-06-01,菠菜,3.06
2026-06-02,菠菜,3.03
2026-06-03,菠菜,2.97
2026-06-04,菠菜,3.32
2026-06-05,菠菜,2.9
2026-06-06,菠菜,3.23
2026-06-07,菠菜,3.15
2026-06-08,菠菜,3.26
2026-06-09,菠菜,3.41
2026-06-10,菠菜,3.22
2026-06-11,菠菜,3.43
2026-06-12,菠菜,3.66
2026-06-13,菠菜,3.71
2026-06-14,菠菜,3.57
2026-06-15,菠菜,3.65
2026-06-16,菠菜,3.63
2026-06-17,菠菜,3.76
2026-06-18,菠菜,3.76
2026-06-19,菠菜,3.94
2026-06-20,菠菜,3.88
2026-06-21,菠菜,3.83
2026-06-22,菠菜,3.74
2026-06-23,菠菜,3.64
2026-06-24,菠菜,3.81
2026-06-25,菠菜,3.5
2026-06-26,菠菜,3.3
2026-06-27,菠菜,3.23
2026-06-28,菠菜,3.37
2026-06-29,菠菜,3.6
2026-06-30,菠菜,3.29
2026-07-01,菠菜,3.28
2026-07-02,菠菜,3.25
2026-07-03,菠菜,2.96
2026-07-04,菠菜,3.12
2026-07-05,菠菜,3.41
2026-07-06,菠菜,3.08
2026-07-07,菠菜,3.44
2026-07-08,菠菜,3.13
2026-07-09,菠菜,3.23
2026-07-10,菠菜,3.19
2026-07-11,菠菜,3.5
2026-04-12,生菜,1.37
2026-04-13,生菜,1.32
2026-04-14,生菜,1.43
2026-04-15,生菜,1.52
2026-04-16,生菜,1.46
2026-04-17,生菜,1.38
2026-04-18,生菜,1.65
2026-04-19,生菜,1.57
2026-04-20,生菜,1.79
2026-04-21,生菜,1.71
2026-04-22,生菜,1.46
2026-04-23,生菜,1.45
2026-04-24,生菜,1.33
2026-04-25,生菜,1.37
2026-04-26,生菜,1.58
2026-04-27,生菜,1.14
2026-04-28,生菜,1.54
2026-04-29,生菜,1.02
2026-04-30,生菜,1.21
2026-05-01,生菜,1.17
2026-05-02,生菜,1.07
2026-05-03,生菜,1.09
2026-05-04,生菜,1.08
2026-05-05,生菜,1.19
2026-05-06,生菜,0.98
2026-05-07,生菜,0.58
2026-05-08,生菜,0.99
2026-05-09,生菜,1.3
2026-05-10,生菜,1.2
2026-05-11,生菜,1.35
2026-05-12,生菜,1.33
2026-05-13,生菜,1.4
2026-05-14,生菜,1.24
2026-05-15,生菜,1.52
2026-05-16,生菜,1.76
2026-05-17,生菜,1.59
2026-05-18,生菜,1.35
2026-05-19,生菜,1.45
2026-05-20,生菜,1.89
2026-05-21,生菜,1.46
2026-05-22,生菜,1.74
2026-05-23,生菜,1.73
2026-05-24,生菜,1.66
2026-05-25,生菜,1.6
2026-05-26,生菜,1.41
2026-05-27,生菜,1.65
2026-05-28,生菜,1.32
2026-05-29,生菜,1.28
2026-05-30,生菜,1.33
2026-05-31,生菜,1.29
2026-06-01,生菜,1.08
2026-06-02,生菜,1.11
2026-06-03,生菜,1.04
2026-06-04,生菜,1.01
2026-06-05,生菜,0.79
2026-06-06,生菜,0.91
2026-06-07,生菜,1.28
2026-06-08,生菜,1.4
2026-06-09,生菜,1.11
2026-06-10,生菜,1.4
2026-06-11,生菜,1.68
2026-06-12,生菜,1.46
2026-06-13,生菜,1.39
2026-06-14,生菜,1.48
2026-06-15,生菜,1.49
2026-06-16,生菜,1.52
2026-06-17,生菜,1.59
2026-06-18,生菜,1.69
2026-06-19,生菜,1.71
2026-06-20,生菜,1.56
2026-06-21,生菜,1.84
2026-06-22,生菜,1.38
2026-06-23,生菜,1.48
2026-06-24,生菜,1.45
2026-06-25,生菜,1.38
2026-06-26,生菜,1.42
2026-06-27,生菜,1.19
2026-06-28,生菜,1.25
2026-06-29,生菜,1.25
2026-06-30,生菜,1.28
2026-07-01,生菜,1.02
2026-07-02,生菜,1.32
2026-07-03,生菜,1.11
2026-07-04,生菜,1.13
2026-07-05,生菜,1.25
2026-07-06,生菜,1.29
2026-07-07,生菜,1.12
2026-07-08,生菜,1.16
2026-07-09,生菜,1.39
2026-07-10,生菜,1.55
2026-07-11,生菜,1.27
2026-04-12,芹菜,2.85
2026-04-13,芹菜,2.62
2026-04-14,芹菜,2.82
2026-04-15,芹菜,2.69
2026-04-16,芹菜,2.89
2026-04-17,芹菜,3.06
2026-04-18,芹菜,2.71
2026-04-19,芹菜,2.74
2026-04-20,芹菜,2.82
2026-04-21,芹菜,3.08
2026-04-22,芹菜,2.62
2026-04-23,芹菜,2.72
2026-04-24,芹菜,2.8
2026-04-25,芹菜,2.75
2026-04-26,芹菜,2.62
2026-04-27,芹菜,2.5
2026-04-28,芹菜,2.42
2026-04-29,芹菜,2.33
2026-04-30,芹菜,2.22
2026-05-01,芹菜,2.47
2026-05-02,芹菜,2.4
2026-05-03,芹菜,2.16
2026-05-04,芹菜,2.18
2026-05-05,芹菜,2.42
2026-05-06,芹菜,2.61
2026-05-07,芹菜,2.69
2026-05-08,芹菜,2.43
2026-05-09,芹菜,2.43
2026-05-10,芹菜,2.54
2026-05-11,芹菜,2.78
2026-05-12,芹菜,2.5
2026-05-13,芹菜,2.55
2026-05-14,芹菜,2.67
2026-05-15,芹菜,2.85
2026-05-16,芹菜,2.95
2026-05-17,芹菜,2.85
2026-05-18,芹菜,2.93
2026-05-19,芹菜,2.83
2026-05-20,芹菜,3.07
2026-05-21,芹菜,2.92
2026-05-22,芹菜,2.74
2026-05-23,芹菜,2.85
2026-05-24,芹菜,2.85
2026-05-25,芹菜,2.84
2026-05-26,芹菜,2.67
2026-05-27,芹菜,2.6
2026-05-28,芹菜,2.62
2026-05-29,芹菜,2.4
2026-05-30,芹菜,2.56
2026-05-31,芹菜,2.73
2026-06-01,芹菜,2.21
2026-06-02,芹菜,2.28
2026-06-03,芹菜,2.38
2026-06-04,芹菜,2.31
2026-06-05,芹菜,2.59
2026-06-06,芹菜,2.39
2026-06-07,芹菜,2.77
2026-06-08,芹菜,2.72
2026-06-09,芹菜,2.67
2026-06-10,芹菜,2.65
2026-06-11,芹菜,2.96
2026-06-12,芹菜,2.54
2026-06-13,芹菜,2.78
2026-06-14,芹菜,2.93
2026-06-15,芹菜,2.84
2026-06-16,芹菜,3.27
2026-06-17,芹菜,2.81
2026-06-18,芹菜,2.95
2026-06-19,芹菜,3.08
2026-06-20,芹菜,3.0
2026-06-21,芹菜,2.89
2026-06-22,芹菜,2.85
2026-06-23,芹菜,2.66
2026-06-24,芹菜,2.82
2026-06-25,芹菜,2.53
2026-06-26,芹菜,2.74
2026-06-27,芹菜,2.57
2026-06-28,芹菜,2.33
2026-06-29,芹菜,2.29
2026-06-30,芹菜,2.48
2026-07-01,芹菜,2.05
2026-07-02,芹菜,2.1
2026-07-03,芹菜,2.55
2026-07-04,芹菜,2.51
2026-07-05,芹菜,2.48
2026-07-06,芹菜,2.28
2026-07-07,芹菜,2.25
2026-07-08,芹菜,2.75
2026-07-09,芹菜,2.32
2026-07-10,芹菜,2.46
2026-07-11,芹菜,2.68
2026-04-12,油菜,1.35
2026-04-13,油菜,1.71
2026-04-14,油菜,1.94
2026-04-15,油菜,1.66
2026-04-16,油菜,1.73
2026-04-17,油菜,1.75
2026-04-18,油菜,1.83
2026-04-19,油菜,1.91
2026-04-20,油菜,1.73
2026-04-21,油菜,1.8
2026-04-22,油菜,1.77
2026-04-23,油菜,1.62
2026-04-24,油菜,1.67
2026-04-25,油菜,1.63
2026-04-26,油菜,1.71
2026-04-27,油菜,1.41
2026-04-28,油菜,1.58
2026-04-29,油菜,1.31
2026-04-30,油菜,1.56
2026-05-01,油菜,1.43
2026-05-02,油菜,1.09
2026-05-03,油菜,1.34
2026-05-04,油菜,1.16
2026-05-05,油菜,1.61
2026-05-06,油菜,1.47
2026-05-07,油菜,1.19
2026-05-08,油菜,1.31
2026-05-09,油菜,1.3
2026-05-10,油菜,1.63
2026-05-11,油菜,1.23
2026-05-12,油菜,1.43
2026-05-13,油菜,1.77
2026-05-14,油菜,1.48
2026-05-15,油菜,1.41
2026-05-16,油菜,1.72
2026-05-17,油菜,1.39
2026-05-18,油菜,1.73
2026-05-19,油菜,1.94
2026-05-20,油菜,1.95
2026-05-21,油菜,1.86
2026-05-22,油菜,1.62
2026-05-23,油菜,1.78
2026-05-24,油菜,2.01
2026-05-25,油菜,1.84
2026-05-26,油菜,1.73
2026-05-27,油菜,1.78
2026-05-28,油菜,1.58
2026-05-29,油菜,1.62
2026-05-30,油菜,1.35
2026-05-31,油菜,1.39
2026-06-01,油菜,1.21
2026-06-02,油菜,1.39
2026-06-03,油菜,1.25
2026-06-04,油菜,1.53
2026-06-05,油菜,1.22
2026-06-06,油菜,1.29
2026-06-07,油菜,1.14
2026-06-08,油菜,1.27
2026-06-09,油菜,1.43
2026-06-10,油菜,1.45
2026-06-11,油菜,1.57
2026-06-12,油菜,1.5
2026-06-13,油菜,1.74
2026-06-14,油菜,1.61
2026-06-15,油菜,1.83
2026-06-16,油菜,1.93
2026-06-17,油菜,1.97
2026-06-18,油菜,1.87
2026-06-19,油菜,1.68
2026-06-20,油菜,2.03
2026-06-21,油菜,1.7
2026-06-22,油菜,1.67
2026-06-23,油菜,1.85
2026-06-24,油菜,1.88
2026-06-25,油菜,1.5
2026-06-26,油菜,1.74
2026-06-27,油菜,1.61
2026-06-28,油菜,1.39
2026-06-29,油菜,1.34
2026-06-30,油菜,0.97
2026-07-01,油菜,1.4
2026-07-02,油菜,1.26
2026-07-03,油菜,1.16
2026-07-04,油菜,1.39
2026-07-05,油菜,1.21
2026-07-06,油菜,0.92
2026-07-07,油菜,1.2
2026-07-08,油菜,1.39
2026-07-09,油菜,1.35
2026-07-10,油菜,1.57
2026-07-11,油菜,1.81
2026-04-12,胡萝卜,1.8
2026-04-13,胡萝卜,1.56
2026-04-14,胡萝卜,1.87
2026-04-15,胡萝卜,2.0
2026-04-16,胡萝卜,1.92
2026-04-17,胡萝卜,1.93
2026-04-18,胡萝卜,2.02
2026-04-19,胡萝卜,1.95
2026-04-20,胡萝卜,1.97
2026-04-21,胡萝卜,1.94
2026-04-22,胡萝卜,2.19
2026-04-23,胡萝卜,2.05
2026-04-24,胡萝卜,2.02
2026-04-25,胡萝卜,1.66
2026-04-26,胡萝卜,1.84
2026-04-27,胡萝卜,1.87
2026-04-28,胡萝卜,1.78
2026-04-29,胡萝卜,1.8
2026-04-30,胡萝卜,1.32
2026-05-01,胡萝卜,1.52
2026-05-02,胡萝卜,1.47
2026-05-03,胡萝卜,1.6
2026-05-04,胡萝卜,1.6
2026-05-05,胡萝卜,1.69
2026-05-06,胡萝卜,1.26
2026-05-07,胡萝卜,1.42
2026-05-08,胡萝卜,1.64
2026-05-09,胡萝卜,1.64
2026-05-10,胡萝卜,1.36
2026-05-11,胡萝卜,1.41
2026-05-12,胡萝卜,1.53
2026-05-13,胡萝卜,1.79
2026-05-14,胡萝卜,1.71
2026-05-15,胡萝卜,1.7
2026-05-16,胡萝卜,1.96
2026-05-17,胡萝卜,2.13
2026-05-18,胡萝卜,2.04
2026-05-19,胡萝卜,1.98
2026-05-20,胡萝卜,1.92
2026-05-21,胡萝卜,1.89
2026-05-22,胡萝卜,1.75
2026-05-23,胡萝卜,1.93
2026-05-24,胡萝卜,1.85
2026-05-25,胡萝卜,1.69
2026-05-26,胡萝卜,1.81
2026-05-27,胡萝卜,1.86
2026-05-28,胡萝卜,1.6
2026-05-29,胡萝卜,1.65
2026-05-30,胡萝卜,1.69
2026-05-31,胡萝卜,1.49
2026-06-01,胡萝卜,1.43
2026-06-02,胡萝卜,1.53
2026-06-03,胡萝卜,1.15
2026-06-04,胡萝卜,1.42
2026-06-05,胡萝卜,1.59
2026-06-06,胡萝卜,1.26
2026-06-07,胡萝卜,1.55
2026-06-08,胡萝卜,1.77
2026-06-09,胡萝卜,1.77
2026-06-10,胡萝卜,1.69
2026-06-11,胡萝卜,1.48
2026-06-12,胡萝卜,2.05
2026-06-13,胡萝卜,2.07
2026-06-14,胡萝卜,2.06
2026-06-15,胡萝卜,1.93
2026-06-16,胡萝卜,2.06
2026-06-17,胡萝卜,2.05
2026-06-18,胡萝卜,1.99
2026-06-19,胡萝卜,2.16
2026-06-20,胡萝卜,1.91
2026-06-21,胡萝卜,1.99
2026-06-22,胡萝卜,1.95
2026-06-23,胡萝卜,1.93
2026-06-24,胡萝卜,1.85
2026-06-25,胡萝卜,1.58
2026-06-26,胡萝卜,2.01
2026-06-27,胡萝卜,1.67
2026-06-28,胡萝卜,1.23
2026-06-29,胡萝卜,1.48
2026-06-30,胡萝卜,1.42
2026-07-01,胡萝卜,1.52
2026-07-02,胡萝卜,1.72
2026-07-03,胡萝卜,1.47
2026-07-04,胡萝卜,1.47
2026-07-05,胡萝卜,1.69
2026-07-06,胡萝卜,1.3
2026-07-07,胡萝卜,1.59
2026-07-08,胡萝卜,1.55
2026-07-09,胡萝卜,1.7
2026-07-10,胡萝卜,1.61
2026-07-11,胡萝卜,1.59
2026-04-12,韭菜,2.11
2026-04-13,韭菜,1.83
2026-04-14,韭菜,1.89
2026-04-15,韭菜,2.04
2026-04-16,韭菜,2.09
2026-04-17,韭菜,2.13
2026-04-18,韭菜,2.21
2026-04-19,韭菜,2.19
2026-04-20,韭菜,2.25
2026-04-21,韭菜,2.4
2026-04-22,韭菜,2.02
2026-04-23,韭菜,2.16
2026-04-24,韭菜,2.03
2026-04-25,韭菜,2.15
2026-04-26,韭菜,1.76
2026-04-27,韭菜,2.13
2026-04-28,韭菜,1.9
2026-04-29,韭菜,1.83
2026-04-30,韭菜,1.68
2026-05-01,韭菜,1.63
2026-05-02,韭菜,1.43
2026-05-03,韭菜,1.36
2026-05-04,韭菜,1.71
2026-05-05,韭菜,1.46
2026-05-06,韭菜,1.48
2026-05-07,韭菜,1.64
2026-05-08,韭菜,1.59
2026-05-09,韭菜,1.64
2026-05-10,韭菜,1.69
2026-05-11,韭菜,1.94
2026-05-12,韭菜,1.9
2026-05-13,韭菜,1.87
2026-05-14,韭菜,1.81
2026-05-15,韭菜,1.93
2026-05-16,韭菜,2.25
2026-05-17,韭菜,2.17
2026-05-18,韭菜,2.19
2026-05-19,韭菜,2.35
2026-05-20,韭菜,2.14
2026-05-21,韭菜,2.12
2026-05-22,韭菜,2.05
2026-05-23,韭菜,2.06
2026-05-24,韭菜,1.91
2026-05-25,韭菜,1.64
2026-05-26,韭菜,1.69
2026-05-27,韭菜,1.7
2026-05-28,韭菜,1.84
2026-05-29,韭菜,1.81
2026-05-30,韭菜,1.74
2026-05-31,韭菜,1.66
2026-06-01,韭菜,1.54
2026-06-02,韭菜,1.74
2026-06-03,韭菜,1.64
2026-06-04,韭菜,1.6
2026-06-05,韭菜,1.6
2026-06-06,韭菜,1.47
2026-06-07,韭菜,1.9
2026-06-08,韭菜,2.08
2026-06-09,韭菜,1.67
2026-06-10,韭菜,1.82
2026-06-11,韭菜,1.87
2026-06-12,韭菜,1.92
2026-06-13,韭菜,1.83
2026-06-14,韭菜,2.19
2026-06-15,韭菜,2.03
2026-06-16,韭菜,2.02
2026-06-17,韭菜,2.16
2026-06-18,韭菜,2.36
2026-06-19,韭菜,1.98
2026-06-20,韭菜,2.16
2026-06-21,韭菜,2.02
2026-06-22,韭菜,1.96
2026-06-23,韭菜,2.04
2026-06-24,韭菜,2.06
2026-06-25,韭菜,1.71
2026-06-26,韭菜,1.95
2026-06-27,韭菜,1.95
2026-06-28,韭菜,1.79
2026-06-29,韭菜,1.45
2026-06-30,韭菜,1.68
2026-07-01,韭菜,1.71
2026-07-02,韭菜,1.65
2026-07-03,韭菜,1.7
2026-07-04,韭菜,1.65
2026-07-05,韭菜,1.66
2026-07-06,韭菜,1.51
2026-07-07,韭菜,1.91
2026-07-08,韭菜,1.77
2026-07-09,韭菜,1.49
2026-07-10,韭菜,1.64
2026-07-11,韭菜,2.05
2026-04-12,西兰花,2.04
2026-04-13,西兰花,2.03
2026-04-14,西兰花,2.52
2026-04-15,西兰花,2.29
2026-04-16,西兰花,2.41
2026-04-17,西兰花,2.27
2026-04-18,西兰花,2.62
2026-04-19,西兰花,2.5
2026-04-20,西兰花,2.45
2026-04-21,西兰花,2.54
2026-04-22,西兰花,2.27
2026-04-23,西兰花,2.44
2026-04-24,西兰花,2.42
2026-04-25,西兰花,2.17
2026-04-26,西兰花,1.97
2026-04-27,西兰花,2.24
2026-04-28,西兰花,2.05
2026-04-29,西兰花,2.23
2026-04-30,西兰花,2.05
2026-05-01,西兰花,2.11
2026-05-02,西兰花,1.61
2026-05-03,西兰花,1.97
2026-05-04,西兰花,1.74
2026-05-05,西兰花,1.93
2026-05-06,西兰花,1.66
2026-05-07,西兰花,1.92
2026-05-08,西兰花,2.04
2026-05-09,西兰花,1.69
2026-05-10,西兰花,2.21
2026-05-11,西兰花,2.28
2026-05-12,西兰花,2.2
2026-05-13,西兰花,2.46
2026-05-14,西兰花,2.16
2026-05-15,西兰花,2.43
2026-05-16,西兰花,2.39
2026-05-17,西兰花,2.46
2026-05-18,西兰花,2.3
2026-05-19,西兰花,2.69
2026-05-20,西兰花,2.46
2026-05-21,西兰花,2.56
2026-05-22,西兰花,2.27
2026-05-23,西兰花,2.25
2026-05-24,西兰花,2.34
2026-05-25,西兰花,2.49
2026-05-26,西兰花,1.99
2026-05-27,西兰花,2.01
2026-05-28,西兰花,2.06
2026-05-29,西兰花,1.97
2026-05-30,西兰花,1.7
2026-05-31,西兰花,2.02
2026-06-01,西兰花,1.99
2026-06-02,西兰花,1.8
2026-06-03,西兰花,2.04
2026-06-04,西兰花,1.87
2026-06-05,西兰花,1.96
2026-06-06,西兰花,2.14
2026-06-07,西兰花,1.83
2026-06-08,西兰花,1.86
2026-06-09,西兰花,1.87
2026-06-10,西兰花,2.05
2026-06-11,西兰花,2.21
2026-06-12,西兰花,2.12
2026-06-13,西兰花,2.38
2026-06-14,西兰花,2.37
2026-06-15,西兰花,2.17
2026-06-16,西兰花,2.32
2026-06-17,西兰花,2.51
2026-06-18,西兰花,2.28
2026-06-19,西兰花,2.21
2026-06-20,西兰花,2.74
2026-06-21,西兰花,2.54
2026-06-22,西兰花,2.47
2026-06-23,西兰花,2.16
2026-06-24,西兰花,2.25
2026-06-25,西兰花,2.33
2026-06-26,西兰花,1.81
2026-06-27,西兰花,2.34
2026-06-28,西兰花,1.53
2026-06-29,西兰花,1.81
2026-06-30,西兰花,2.07
2026-07-01,西兰花,2.0
2026-07-02,西兰花,1.8
2026-07-03,西兰花,1.76
2026-07-04,西兰花,1.91
2026-07-05,西兰花,1.99
2026-07-06,西兰花,1.92
2026-07-07,西兰花,1.81
2026-07-08,西兰花,1.97
2026-07-09,西兰花,1.99
2026-07-10,西兰花,2.07
2026-07-11,西兰花,2.27
2026-04-12,苦瓜,1.64
2026-04-13,苦瓜,1.64
2026-04-14,苦瓜,1.87
2026-04-15,苦瓜,2.13
2026-04-16,苦瓜,1.85
2026-04-17,苦瓜,1.8
2026-04-18,苦瓜,2.05
2026-04-19,苦瓜,2.11
2026-04-20,苦瓜,1.86
2026-04-21,苦瓜,2.11
2026-04-22,苦瓜,1.62
2026-04-23,苦瓜,1.96
2026-04-24,苦瓜,1.93
2026-04-25,苦瓜,1.91
2026-04-26,苦瓜,1.76
2026-04-27,苦瓜,1.75
2026-04-28,苦瓜,1.65
2026-04-29,苦瓜,1.7
2026-04-30,苦瓜,1.38
2026-05-01,苦瓜,1.3
2026-05-02,苦瓜,1.49
2026-05-03,苦瓜,1.24
2026-05-04,苦瓜,1.35
2026-05-05,苦瓜,1.71
2026-05-06,苦瓜,1.35
2026-05-07,苦瓜,1.35
2026-05-08,苦瓜,1.42
2026-05-09,苦瓜,1.46
2026-05-10,苦瓜,1.68
2026-05-11,苦瓜,1.76
2026-05-12,苦瓜,1.62
2026-05-13,苦瓜,1.66
2026-05-14,苦瓜,2.05
2026-05-15,苦瓜,1.74
2026-05-16,苦瓜,2.01
2026-05-17,苦瓜,2.2
2026-05-18,苦瓜,2.02
2026-05-19,苦瓜,2.42
2026-05-20,苦瓜,2.02
2026-05-21,苦瓜,2.13
2026-05-22,苦瓜,1.98
2026-05-23,苦瓜,1.87
2026-05-24,苦瓜,2.0
2026-05-25,苦瓜,1.96
2026-05-26,苦瓜,2.03
2026-05-27,苦瓜,1.71
2026-05-28,苦瓜,1.7
2026-05-29,苦瓜,1.32
2026-05-30,苦瓜,1.7
2026-05-31,苦瓜,1.69
2026-06-01,苦瓜,1.34
2026-06-02,苦瓜,1.3
2026-06-03,苦瓜,1.23
2026-06-04,苦瓜,1.48
2026-06-05,苦瓜,1.24
2026-06-06,苦瓜,1.22
2026-06-07,苦瓜,1.29
2026-06-08,苦瓜,1.45
2026-06-09,苦瓜,1.95
2026-06-10,苦瓜,1.6
2026-06-11,苦瓜,1.92
2026-06-12,苦瓜,1.78
2026-06-13,苦瓜,1.6
2026-06-14,苦瓜,1.82
2026-06-15,苦瓜,2.15
2026-06-16,苦瓜,2.04
2026-06-17,苦瓜,2.19
2026-06-18,苦瓜,2.13
2026-06-19,苦瓜,2.37
2026-06-20,苦瓜,2.05
2026-06-21,苦瓜,2.11
2026-06-22,苦瓜,2.12
2026-06-23,苦瓜,1.67
2026-06-24,苦瓜,1.85
2026-06-25,苦瓜,1.69
2026-06-26,苦瓜,1.53
2026-06-27,苦瓜,1.64
2026-06-28,苦瓜,1.73
2026-06-29,苦瓜,1.59
2026-06-30,苦瓜,1.24
2026-07-01,苦瓜,1.5
2026-07-02,苦瓜,1.42
2026-07-03,苦瓜,1.42
2026-07-04,苦瓜,1.1
2026-07-05,苦瓜,1.21
2026-07-06,苦瓜,1.56
2026-07-07,苦瓜,1.28
2026-07-08,苦瓜,1.7
2026-07-09,苦瓜,1.63
2026-07-10,苦瓜,1.61
2026-07-11,苦瓜,1.5
2026-04-12,豆角,2.45
2026-04-13,豆角,2.24
2026-04-14,豆角,2.48
2026-04-15,豆角,2.27
2026-04-16,豆角,2.35
2026-04-17,豆角,2.58
2026-04-18,豆角,2.68
2026-04-19,豆角,2.75
2026-04-20,豆角,2.97
2026-04-21,豆角,2.62
2026-04-22,豆角,2.41
2026-04-23,豆角,2.47
2026-04-24,豆角,2.47
2026-04-25,豆角,2.76
2026-04-26,豆角,2.6
2026-04-27,豆角,2.25
2026-04-28,豆角,2.11
2026-04-29,豆角,2.08
2026-04-30,豆角,1.95
2026-05-01,豆角,1.98
2026-05-02,豆角,2.0
2026-05-03,豆角,2.11
2026-05-04,豆角,2.16
2026-05-05,豆角,2.1
2026-05-06,豆角,1.92
2026-05-07,豆角,2.1
2026-05-08,豆角,2.13
2026-05-09,豆角,2.32
2026-05-10,豆角,2.1
2026-05-11,豆角,2.18
2026-05-12,豆角,2.02
2026-05-13,豆角,2.3
2026-05-14,豆角,2.31
2026-05-15,豆角,2.62
2026-05-16,豆角,2.45
2026-05-17,豆角,2.85
2026-05-18,豆角,2.51
2026-05-19,豆角,2.59
2026-05-20,豆角,2.24
2026-05-21,豆角,2.58
2026-05-22,豆角,2.67
2026-05-23,豆角,2.49
2026-05-24,豆角,2.54
2026-05-25,豆角,2.57
2026-05-26,豆角,2.21
2026-05-27,豆角,2.29
2026-05-28,豆角,1.99
2026-05-29,豆角,2.33
2026-05-30,豆角,2.25
2026-05-31,豆角,2.03
2026-06-01,豆角,2.12
2026-06-02,豆角,2.14
2026-06-03,豆角,1.85
2026-06-04,豆角,2.13
2026-06-05,豆角,2.08
2026-06-06,豆角,2.21
2026-06-07,豆角,2.19
2026-06-08,豆角,1.91
2026-06-09,豆角,2.27
2026-06-10,豆角,1.85
2026-06-11,豆角,2.46
2026-06-12,豆角,2.5
2026-06-13,豆角,2.36
2026-06-14,豆角,2.44
2026-06-15,豆角,2.65
2026-06-16,豆角,2.64
2026-06-17,豆角,2.49
2026-06-18,豆角,2.81
2026-06-19,豆角,2.68
2026-06-20,豆角,2.47
2026-06-21,豆角,2.66
2026-06-22,豆角,2.66
2026-06-23,豆角,2.83
2026-06-24,豆角,2.41
2026-06-25,豆角,2.54
2026-06-26,豆角,2.13
2026-06-27,豆角,2.25
2026-06-28,豆角,2.13
2026-06-29,豆角,1.92
2026-06-30,豆角,1.99
2026-07-01,豆角,2.08
2026-07-02,豆角,2.26
2026-07-03,豆角,1.92
2026-07-04,豆角,2.01
2026-07-05,豆角,2.2
2026-07-06,豆角,2.21
2026-07-07,豆角,2.25
2026-07-08,豆角,2.13
2026-07-09,豆角,2.14
2026-07-10,豆角,1.93
2026-07-11,豆角,2.43
2026-04-12,冬瓜,1.9
2026-04-13,冬瓜,2.02
2026-04-14,冬瓜,2.18
2026-04-15,冬瓜,1.91
2026-04-16,冬瓜,1.81
2026-04-17,冬瓜,2.31
2026-04-18,冬瓜,2.4
2026-04-19,冬瓜,2.02
2026-04-20,冬瓜,2.15
2026-04-21,冬瓜,2.44
2026-04-22,冬瓜,1.97
2026-04-23,冬瓜,1.94
2026-04-24,冬瓜,1.67
2026-04-25,冬瓜,1.7
2026-04-26,冬瓜,2.05
2026-04-27,冬瓜,1.47
2026-04-28,冬瓜,1.46
2026-04-29,冬瓜,1.73
2026-04-30,冬瓜,1.48
2026-05-01,冬瓜,1.53
2026-05-02,冬瓜,1.54
2026-05-03,冬瓜,1.66
2026-05-04,冬瓜,1.58
2026-05-05,冬瓜,1.6
2026-05-06,冬瓜,1.58
2026-05-07,冬瓜,1.5
2026-05-08,冬瓜,1.36
2026-05-09,冬瓜,1.46
2026-05-10,冬瓜,1.96
2026-05-11,冬瓜,1.91
2026-05-12,冬瓜,1.56
2026-05-13,冬瓜,1.8
2026-05-14,冬瓜,2.08
2026-05-15,冬瓜,1.89
2026-05-16,冬瓜,2.0
2026-05-17,冬瓜,2.25
2026-05-18,冬瓜,1.69
2026-05-19,冬瓜,1.83
2026-05-20,冬瓜,2.15
2026-05-21,冬瓜,2.21
2026-05-22,冬瓜,2.07
2026-05-23,冬瓜,2.09
2026-05-24,冬瓜,1.96
2026-05-25,冬瓜,1.86
2026-05-26,冬瓜,1.85
2026-05-27,冬瓜,1.9
2026-05-28,冬瓜,1.79
2026-05-29,冬瓜,1.44
2026-05-30,冬瓜,1.76
2026-05-31,冬瓜,1.58
2026-06-01,冬瓜,1.63
2026-06-02,冬瓜,1.57
2026-06-03,冬瓜,1.35
2026-06-04,冬瓜,1.46
2026-06-05,冬瓜,1.29
2026-06-06,冬瓜,1.74
2026-06-07,冬瓜,1.56
2026-06-08,冬瓜,1.28
2026-06-09,冬瓜,1.61
2026-06-10,冬瓜,1.67
2026-06-11,冬瓜,1.67
2026-06-12,冬瓜,1.77
2026-06-13,冬瓜,1.92
2026-06-14,冬瓜,1.78
2026-06-15,冬瓜,2.22
2026-06-16,冬瓜,1.97
2026-06-17,冬瓜,2.19
2026-06-18,冬瓜,2.26
2026-06-19,冬瓜,2.08
2026-06-20,冬瓜,1.91
2026-06-21,冬瓜,1.94
2026-06-22,冬瓜,1.72
2026-06-23,冬瓜,1.71
2026-06-24,冬瓜,1.92
2026-06-25,冬瓜,1.48
2026-06-26,冬瓜,1.85
2026-06-27,冬瓜,1.67
2026-06-28,冬瓜,1.64
2026-06-29,冬瓜,1.74
2026-06-30,冬瓜,1.58
2026-07-01,冬瓜,1.32
2026-07-02,冬瓜,1.34
2026-07-03,冬瓜,1.43
2026-07-04,冬瓜,1.39
2026-07-05,冬瓜,1.29
2026-07-06,冬瓜,1.57
2026-07-07,冬瓜,1.54
2026-07-08,冬瓜,1.79
2026-07-09,冬瓜,1.65
2026-07-10,冬瓜,1.74
2026-07-11,冬瓜,1.83
2026-04-12,南瓜,2.29
2026-04-13,南瓜,2.46
2026-04-14,南瓜,2.42
2026-04-15,南瓜,2.25
2026-04-16,南瓜,2.67
2026-04-17,南瓜,2.58
2026-04-18,南瓜,2.36
2026-04-19,南瓜,2.31
2026-04-20,南瓜,2.51
2026-04-21,南瓜,2.63
2026-04-22,南瓜,2.51
2026-04-23,南瓜,2.21
2026-04-24,南瓜,2.44
2026-04-25,南瓜,2.14
2026-04-26,南瓜,2.33
2026-04-27,南瓜,2.19
2026-04-28,南瓜,2.19
2026-04-29,南瓜,2.15
2026-04-30,南瓜,1.9
2026-05-01,南瓜,1.94
2026-05-02,南瓜,1.97
2026-05-03,南瓜,1.99
2026-05-04,南瓜,1.82
2026-05-05,南瓜,2.25
2026-05-06,南瓜,1.73
2026-05-07,南瓜,1.78
2026-05-08,南瓜,1.87
2026-05-09,南瓜,2.06
2026-05-10,南瓜,1.94
2026-05-11,南瓜,1.75
2026-05-12,南瓜,2.08
2026-05-13,南瓜,2.11
2026-05-14,南瓜,2.07
2026-05-15,南瓜,2.33
2026-05-16,南瓜,2.14
2026-05-17,南瓜,2.55
2026-05-18,南瓜,2.13
2026-05-19,南瓜,2.22
2026-05-20,南瓜,2.56
2026-05-21,南瓜,2.72
2026-05-22,南瓜,2.54
2026-05-23,南瓜,2.74
2026-05-24,南瓜,2.27
2026-05-25,南瓜,2.57
2026-05-26,南瓜,2.2
2026-05-27,南瓜,2.22
2026-05-28,南瓜,1.98
2026-05-29,南瓜,2.26
2026-05-30,南瓜,2.06
2026-05-31,南瓜,1.9
2026-06-01,南瓜,2.02
2026-06-02,南瓜,1.82
2026-06-03,南瓜,1.92
2026-06-04,南瓜,1.84
2026-06-05,南瓜,1.81
2026-06-06,南瓜,1.64
2026-06-07,南瓜,2.09
2026-06-08,南瓜,1.92
2026-06-09,南瓜,2.22
2026-06-10,南瓜,2.33
2026-06-11,南瓜,2.11
2026-06-12,南瓜,2.3
2026-06-13,南瓜,2.32
2026-06-14,南瓜,2.36
2026-06-15,南瓜,2.51
2026-06-16,南瓜,2.7
2026-06-17,南瓜,2.29
2026-06-18,南瓜,2.22
2026-06-19,南瓜,2.27
2026-06-20,南瓜,2.36
2026-06-21,南瓜,2.6
2026-06-22,南瓜,2.22
2026-06-23,南瓜,2.63
2026-06-24,南瓜,2.27
2026-06-25,南瓜,2.42
2026-06-26,南瓜,2.19
2026-06-27,南瓜,2.22
2026-06-28,南瓜,2.05
2026-06-29,南瓜,2.05
2026-06-30,南瓜,2.01
2026-07-01,南瓜,1.66
2026-07-02,南瓜,1.97
2026-07-03,南瓜,1.83
2026-07-04,南瓜,1.75
2026-07-05,南瓜,2.13
2026-07-06,南瓜,1.9
2026-07-07,南瓜,1.86
2026-07-08,南瓜,2.2
2026-07-09,南瓜,2.05
2026-07-10,南瓜,2.05
2026-07-11,南瓜,2.32
